,Trend (EWMAC),Carry,Combined 50%/50%
Trend (EWMAC),1.0,0.4310293968931215,0.8340369804839093
Carry,0.4310293968931215,1.0,0.8029120671223876
Combined 50%/50%,0.8340369804839093,0.8029120671223876,1.0
